id,generated
0000aaaa,0.9916739
1111bbbb,0.6367476
2222cccc,0.59910685
